	TFm_UBER_neg_vgood16_mult_28	TFm_UBER_neg_vgood16_mult_28_per	TFm_UBER_neg_vgood16_mult_128	TFm_UBER_neg_vgood16_mult_128_per	TFm_UBER_neg_vgood16__simp_cordo	TFm_UBER_neg_vgood16__simp_cordo_per	TFm_UBER_neg_vgood16_mult_linear	TFm_UBER_neg_vgood16_mult_linear_per	TFm_UBER_neg_vgood16_mult_dense2	TFm_UBER_neg_vgood16_mult_dense2_per	TFm_UBER_neg_vgood16_mult_lstm	TFm_UBER_neg_vgood16_mult_lstm_per	TFm_UBER_neg_vgood16__mult_gru	TFm_UBER_neg_vgood16__mult_gru_per	TFm_UBER_neg_good9_mult_28	TFm_UBER_neg_good9_mult_28_per	TFm_UBER_neg_good9_mult_64	TFm_UBER_neg_good9_mult_64_per	TFm_UBER_neg_good9_mult_128	TFm_UBER_neg_good9_mult_128_per	TFm_UBER_neg_good9_mult_conv2	TFm_UBER_neg_good9_mult_conv2_per	TFm_UBER_neg_good9_mult_conv	TFm_UBER_neg_good9_mult_conv_per	TFm_UBER_neg_good9_mult_dense2	TFm_UBER_neg_good9_mult_dense2_per	TFm_UBER_neg_good9__mult_gru	TFm_UBER_neg_good9__mult_gru_per	TFm_UBER_neg_reg4_mult_28	TFm_UBER_neg_reg4_mult_28_per	TFm_UBER_neg_reg4_mult_64	TFm_UBER_neg_reg4_mult_64_per	TFm_UBER_neg_reg4_mult_128	TFm_UBER_neg_reg4_mult_128_per	TFm_UBER_neg_reg4_mult_conv2	TFm_UBER_neg_reg4_mult_conv2_per	TFm_UBER_neg_reg4_mult_conv	TFm_UBER_neg_reg4_mult_conv_per	TFm_UBER_neg_reg4__simp_cordo	TFm_UBER_neg_reg4__simp_cordo_per	TFm_UBER_neg_reg4_mult_linear	TFm_UBER_neg_reg4_mult_linear_per	TFm_UBER_neg_reg4_mult_dense2	TFm_UBER_neg_reg4_mult_dense2_per	TFm_UBER_neg_reg4_mult_lstm	TFm_UBER_neg_reg4_mult_lstm_per	TFm_UBER_neg_reg4__mult_gru	TFm_UBER_neg_reg4__mult_gru_per	TFm_UBER_neg_low1_mult_128	TFm_UBER_neg_low1_mult_128_per	TFm_UBER_neg_low1__simp_cordo	TFm_UBER_neg_low1__simp_cordo_per	TFm_UBER_neg_low1_mult_linear	TFm_UBER_neg_low1_mult_linear_per	TFm_UBER_neg_low1_mult_dense2	TFm_UBER_neg_low1_mult_dense2_per	TFm_UBER_neg_low1_mult_lstm	TFm_UBER_neg_low1_mult_lstm_per	TFm_UBER_neg_low1__mult_gru	TFm_UBER_neg_low1__mult_gru_per	TFm_UBER_pos_vgood16_mult_28	TFm_UBER_pos_vgood16_mult_28_per	TFm_UBER_pos_vgood16_mult_64	TFm_UBER_pos_vgood16_mult_64_per	TFm_UBER_pos_vgood16_mult_128	TFm_UBER_pos_vgood16_mult_128_per	TFm_UBER_pos_vgood16_mult_conv2	TFm_UBER_pos_vgood16_mult_conv2_per	TFm_UBER_pos_vgood16_mult_conv	TFm_UBER_pos_vgood16_mult_conv_per	TFm_UBER_pos_vgood16_mult_linear	TFm_UBER_pos_vgood16_mult_linear_per	TFm_UBER_pos_vgood16_mult_dense2	TFm_UBER_pos_vgood16_mult_dense2_per	TFm_UBER_pos_vgood16_mult_lstm	TFm_UBER_pos_vgood16_mult_lstm_per	TFm_UBER_pos_vgood16__mult_gru	TFm_UBER_pos_vgood16__mult_gru_per	TFm_UBER_pos_good9_mult_28	TFm_UBER_pos_good9_mult_28_per	TFm_UBER_pos_good9_mult_64	TFm_UBER_pos_good9_mult_64_per	TFm_UBER_pos_good9_mult_128	TFm_UBER_pos_good9_mult_128_per	TFm_UBER_pos_good9_mult_conv2	TFm_UBER_pos_good9_mult_conv2_per	TFm_UBER_pos_good9_mult_conv	TFm_UBER_pos_good9_mult_conv_per	TFm_UBER_pos_good9__simp_cordo	TFm_UBER_pos_good9__simp_cordo_per	TFm_UBER_pos_good9_mult_linear	TFm_UBER_pos_good9_mult_linear_per	TFm_UBER_pos_good9_mult_dense2	TFm_UBER_pos_good9_mult_dense2_per	TFm_UBER_pos_good9_mult_lstm	TFm_UBER_pos_good9_mult_lstm_per	TFm_UBER_pos_good9__mult_gru	TFm_UBER_pos_good9__mult_gru_per	TFm_UBER_pos_reg4_mult_28	TFm_UBER_pos_reg4_mult_28_per	TFm_UBER_pos_reg4_mult_64	TFm_UBER_pos_reg4_mult_64_per	TFm_UBER_pos_reg4_mult_128	TFm_UBER_pos_reg4_mult_128_per	TFm_UBER_pos_reg4_mult_conv2	TFm_UBER_pos_reg4_mult_conv2_per	TFm_UBER_pos_reg4_mult_conv	TFm_UBER_pos_reg4_mult_conv_per	TFm_UBER_pos_reg4__simp_cordo	TFm_UBER_pos_reg4__simp_cordo_per	TFm_UBER_pos_reg4_mult_linear	TFm_UBER_pos_reg4_mult_linear_per	TFm_UBER_pos_reg4_mult_lstm	TFm_UBER_pos_reg4_mult_lstm_per	TFm_UBER_pos_reg4__mult_gru	TFm_UBER_pos_reg4__mult_gru_per	TFm_UBER_pos_low1_mult_28	TFm_UBER_pos_low1_mult_28_per	TFm_UBER_pos_low1_mult_64	TFm_UBER_pos_low1_mult_64_per	TFm_UBER_pos_low1_mult_128	TFm_UBER_pos_low1_mult_128_per	TFm_UBER_pos_low1_mult_conv	TFm_UBER_pos_low1_mult_conv_per	TFm_UBER_pos_low1__simp_cordo	TFm_UBER_pos_low1__simp_cordo_per	TFm_UBER_pos_low1_mult_linear	TFm_UBER_pos_low1_mult_linear_per	TFm_UBER_pos_low1_mult_lstm	TFm_UBER_pos_low1_mult_lstm_per	TFm_UBER_pos_low1__mult_gru	TFm_UBER_pos_low1__mult_gru_per	TFm_PYPL_neg_vgood16_mult_64	TFm_PYPL_neg_vgood16_mult_64_per	TFm_PYPL_neg_vgood16_mult_128	TFm_PYPL_neg_vgood16_mult_128_per	TFm_PYPL_neg_vgood16_mult_conv2	TFm_PYPL_neg_vgood16_mult_conv2_per	TFm_PYPL_neg_vgood16_mult_conv	TFm_PYPL_neg_vgood16_mult_conv_per	TFm_PYPL_neg_vgood16__simp_cordo	TFm_PYPL_neg_vgood16__simp_cordo_per	TFm_PYPL_neg_vgood16_mult_linear	TFm_PYPL_neg_vgood16_mult_linear_per	TFm_PYPL_neg_vgood16_mult_dense2	TFm_PYPL_neg_vgood16_mult_dense2_per	TFm_PYPL_neg_vgood16_mult_lstm	TFm_PYPL_neg_vgood16_mult_lstm_per	TFm_PYPL_neg_vgood16__mult_gru	TFm_PYPL_neg_vgood16__mult_gru_per	TFm_PYPL_neg_good9_mult_conv2	TFm_PYPL_neg_good9_mult_conv2_per	TFm_PYPL_neg_good9__simp_cordo	TFm_PYPL_neg_good9__simp_cordo_per	TFm_PYPL_neg_good9_mult_dense2	TFm_PYPL_neg_good9_mult_dense2_per	TFm_PYPL_neg_good9_mult_lstm	TFm_PYPL_neg_good9_mult_lstm_per	TFm_PYPL_neg_reg4_mult_28	TFm_PYPL_neg_reg4_mult_28_per	TFm_PYPL_neg_reg4_mult_64	TFm_PYPL_neg_reg4_mult_64_per	TFm_PYPL_neg_reg4_mult_128	TFm_PYPL_neg_reg4_mult_128_per	TFm_PYPL_neg_reg4_mult_conv2	TFm_PYPL_neg_reg4_mult_conv2_per	TFm_PYPL_neg_reg4_mult_conv	TFm_PYPL_neg_reg4_mult_conv_per	TFm_PYPL_neg_reg4__simp_cordo	TFm_PYPL_neg_reg4__simp_cordo_per	TFm_PYPL_neg_reg4_mult_linear	TFm_PYPL_neg_reg4_mult_linear_per	TFm_PYPL_neg_reg4_mult_dense2	TFm_PYPL_neg_reg4_mult_dense2_per	TFm_PYPL_neg_reg4_mult_lstm	TFm_PYPL_neg_reg4_mult_lstm_per	TFm_PYPL_neg_reg4__mult_gru	TFm_PYPL_neg_reg4__mult_gru_per	TFm_PYPL_neg_low1_mult_64	TFm_PYPL_neg_low1_mult_64_per	TFm_PYPL_neg_low1_mult_128	TFm_PYPL_neg_low1_mult_128_per	TFm_PYPL_neg_low1_mult_conv2	TFm_PYPL_neg_low1_mult_conv2_per	TFm_PYPL_neg_low1_mult_conv	TFm_PYPL_neg_low1_mult_conv_per	TFm_PYPL_neg_low1__simp_cordo	TFm_PYPL_neg_low1__simp_cordo_per	TFm_PYPL_neg_low1_mult_lstm	TFm_PYPL_neg_low1_mult_lstm_per	TFm_PYPL_neg_low1__mult_gru	TFm_PYPL_neg_low1__mult_gru_per	TFm_PYPL_pos_vgood16_mult_28	TFm_PYPL_pos_vgood16_mult_28_per	TFm_PYPL_pos_vgood16_mult_64	TFm_PYPL_pos_vgood16_mult_64_per	TFm_PYPL_pos_vgood16_mult_128	TFm_PYPL_pos_vgood16_mult_128_per	TFm_PYPL_pos_vgood16_mult_conv2	TFm_PYPL_pos_vgood16_mult_conv2_per	TFm_PYPL_pos_vgood16_mult_conv	TFm_PYPL_pos_vgood16_mult_conv_per	TFm_PYPL_pos_vgood16_mult_linear	TFm_PYPL_pos_vgood16_mult_linear_per	TFm_PYPL_pos_vgood16_mult_lstm	TFm_PYPL_pos_vgood16_mult_lstm_per	TFm_PYPL_pos_vgood16__mult_gru	TFm_PYPL_pos_vgood16__mult_gru_per	TFm_PYPL_pos_good9_mult_28	TFm_PYPL_pos_good9_mult_28_per	TFm_PYPL_pos_good9_mult_64	TFm_PYPL_pos_good9_mult_64_per	TFm_PYPL_pos_good9_mult_128	TFm_PYPL_pos_good9_mult_128_per	TFm_PYPL_pos_good9_mult_conv2	TFm_PYPL_pos_good9_mult_conv2_per	TFm_PYPL_pos_good9_mult_dense2	TFm_PYPL_pos_good9_mult_dense2_per	TFm_PYPL_pos_good9_mult_lstm	TFm_PYPL_pos_good9_mult_lstm_per	TFm_PYPL_pos_good9__mult_gru	TFm_PYPL_pos_good9__mult_gru_per	TFm_PYPL_pos_reg4_mult_28	TFm_PYPL_pos_reg4_mult_28_per	TFm_PYPL_pos_reg4_mult_64	TFm_PYPL_pos_reg4_mult_64_per	TFm_PYPL_pos_reg4_mult_128	TFm_PYPL_pos_reg4_mult_128_per	TFm_PYPL_pos_reg4_mult_conv2	TFm_PYPL_pos_reg4_mult_conv2_per	TFm_PYPL_pos_reg4_mult_lstm	TFm_PYPL_pos_reg4_mult_lstm_per	TFm_PYPL_pos_reg4__mult_gru	TFm_PYPL_pos_reg4__mult_gru_per	TFm_PYPL_pos_low1_mult_64	TFm_PYPL_pos_low1_mult_64_per	TFm_PYPL_pos_low1_mult_128	TFm_PYPL_pos_low1_mult_128_per	TFm_PYPL_pos_low1__simp_cordo	TFm_PYPL_pos_low1__simp_cordo_per	TFm_PYPL_pos_low1_mult_linear	TFm_PYPL_pos_low1_mult_linear_per	TFm_PYPL_pos_low1_mult_dense2	TFm_PYPL_pos_low1_mult_dense2_per	TFm_PYPL_pos_low1_mult_lstm	TFm_PYPL_pos_low1_mult_lstm_per	TFm_PYPL_pos_low1__mult_gru	TFm_PYPL_pos_low1__mult_gru_per
acc_per	73.26	-1.0	82.17	-1.0	61.11	-1.0	62.21	-1.0	70.16	-1.0	84.82	-1.0	70.16	-1.0	82.3	-1.0	88.77	-1.0	93.73	-1.0	96.04	-1.0	94.39	-1.0	94.25	-1.0	93.73	-1.0	84.76	-1.0	91.12	-1.0	93.5	-1.0	87.33	-1.0	97.15	-1.0	84.35	-1.0	73.1	-1.0	86.99	-1.0	93.29	-1.0	94.85	-1.0	97.78	-1.0	82.19	-1.0	74.6	-1.0	89.31	-1.0	96.91	-1.0	95.23	-1.0	72.62	-1.0	79.32	-1.0	80.86	-1.0	81.19	-1.0	83.76	-1.0	63.08	-1.0	77.51	-1.0	79.64	-1.0	77.84	-1.0	72.89	-1.0	87.13	-1.0	87.32	-1.0	75.29	-1.0	82.96	-1.0	71.72	-1.0	65.41	-1.0	87.45	-1.0	91.22	-1.0	80.82	-1.0	82.96	-1.0	88.38	-1.0	90.86	-1.0	79.31	-1.0	95.37	-1.0	76.37	-1.0	75.0	-1.0	91.97	-1.0	88.77	-1.0	88.8	-1.0	92.28	-1.0	94.54	-1.0	92.35	-1.0	79.64	-1.0	77.25	-1.0	96.65	-1.0	95.63	-1.0	74.2	-1.0	83.98	-1.0	82.69	-1.0	76.45	-1.0	63.96	-1.0	64.99	-1.0	72.27	-1.0	77.28	-1.0	77.09	-1.0	86.11	-1.0	77.91	-1.0	86.04	-1.0	92.19	-1.0	82.46	-1.0	89.09	-1.0	92.77	-1.0	87.06	-1.0	94.42	-1.0	78.25	-1.0	75.3	-1.0	79.57	-1.0	93.89	-1.0	91.0	-1.0	91.88	-1.0	92.85	-1.0	78.62	-1.0	97.4	-1.0	84.93	-1.0	95.91	-1.0	91.62	-1.0	64.71	-1.0	75.03	-1.0	76.05	-1.0	80.19	-1.0	68.6	-1.0	62.17	-1.0	74.97	-1.0	66.82	-1.0	83.96	-1.0	87.13	-1.0	93.73	-1.0	93.92	-1.0	86.16	-1.0	91.98	-1.0	88.23	-1.0	87.72	-1.0	95.59	-1.0	96.07	-1.0	75.37	-1.0	97.63	-1.0	90.37	-1.0	90.31	-1.0	94.55	-1.0	84.25	-1.0	72.95	-1.0	80.62	-1.0	93.07	-1.0	84.12	-1.0
loss	0.54	-1.0	0.41	-1.0	0.66	-1.0	0.65	-1.0	0.58	-1.0	0.34	-1.0	0.55	-1.0	0.44	-1.0	0.29	-1.0	0.18	-1.0	0.1	-1.0	0.18	-1.0	0.15	-1.0	0.16	-1.0	0.4	-1.0	0.25	-1.0	0.18	-1.0	0.35	-1.0	0.11	-1.0	0.39	-1.0	0.54	-1.0	0.32	-1.0	0.22	-1.0	0.15	-1.0	0.07	-1.0	0.41	-1.0	0.54	-1.0	0.27	-1.0	0.09	-1.0	0.14	-1.0	0.55	-1.0	0.45	-1.0	0.42	-1.0	0.42	-1.0	0.38	-1.0	0.63	-1.0	0.49	-1.0	0.42	-1.0	0.46	-1.0	0.53	-1.0	0.31	-1.0	0.3	-1.0	0.51	-1.0	0.38	-1.0	0.57	-1.0	0.62	-1.0	0.29	-1.0	0.21	-1.0	0.42	-1.0	0.39	-1.0	0.29	-1.0	0.24	-1.0	0.44	-1.0	0.16	-1.0	0.51	-1.0	0.53	-1.0	0.2	-1.0	0.28	-1.0	0.28	-1.0	0.2	-1.0	0.15	-1.0	0.19	-1.0	0.43	-1.0	0.48	-1.0	0.1	-1.0	0.13	-1.0	0.52	-1.0	0.37	-1.0	0.39	-1.0	0.48	-1.0	0.65	-1.0	0.64	-1.0	0.56	-1.0	0.48	-1.0	0.48	-1.0	0.32	-1.0	0.49	-1.0	0.33	-1.0	0.2	-1.0	0.41	-1.0	0.29	-1.0	0.18	-1.0	0.45	-1.0	0.17	-1.0	0.49	-1.0	0.49	-1.0	0.44	-1.0	0.17	-1.0	0.23	-1.0	0.23	-1.0	0.19	-1.0	0.93	-1.0	0.09	-1.0	0.37	-1.0	0.13	-1.0	0.23	-1.0	0.63	-1.0	0.5	-1.0	0.46	-1.0	0.41	-1.0	0.57	-1.0	0.65	-1.0	0.49	-1.0	0.58	-1.0	0.38	-1.0	0.3	-1.0	0.18	-1.0	0.15	-1.0	0.32	-1.0	0.19	-1.0	0.29	-1.0	0.32	-1.0	0.12	-1.0	0.1	-1.0	0.74	-1.0	0.08	-1.0	0.23	-1.0	0.24	-1.0	0.15	-1.0	0.33	-1.0	0.55	-1.0	0.44	-1.0	0.2	-1.0	0.37	-1.0
epochs	24.0	-1.0	11.0	-1.0	10.0	-1.0	12.0	-1.0	13.0	-1.0	17.0	-1.0	8.0	-1.0	8.0	-1.0	12.0	-1.0	9.0	-1.0	14.0	-1.0	11.0	-1.0	18.0	-1.0	15.0	-1.0	10.0	-1.0	12.0	-1.0	8.0	-1.0	10.0	-1.0	10.0	-1.0	20.0	-1.0	17.0	-1.0	8.0	-1.0	9.0	-1.0	16.0	-1.0	12.0	-1.0	10.0	-1.0	16.0	-1.0	8.0	-1.0	13.0	-1.0	19.0	-1.0	8.0	-1.0	15.0	-1.0	8.0	-1.0	12.0	-1.0	22.0	-1.0	11.0	-1.0	28.0	-1.0	11.0	-1.0	8.0	-1.0	15.0	-1.0	20.0	-1.0	12.0	-1.0	8.0	-1.0	11.0	-1.0	26.0	-1.0	9.0	-1.0	15.0	-1.0	20.0	-1.0	9.0	-1.0	18.0	-1.0	14.0	-1.0	9.0	-1.0	8.0	-1.0	18.0	-1.0	22.0	-1.0	30.0	-1.0	13.0	-1.0	9.0	-1.0	16.0	-1.0	12.0	-1.0	9.0	-1.0	8.0	-1.0	13.0	-1.0	13.0	-1.0	13.0	-1.0	15.0	-1.0	8.0	-1.0	14.0	-1.0	11.0	-1.0	9.0	-1.0	12.0	-1.0	8.0	-1.0	8.0	-1.0	9.0	-1.0	12.0	-1.0	9.0	-1.0	8.0	-1.0	10.0	-1.0	9.0	-1.0	10.0	-1.0	9.0	-1.0	9.0	-1.0	18.0	-1.0	9.0	-1.0	9.0	-1.0	12.0	-1.0	8.0	-1.0	12.0	-1.0	11.0	-1.0	8.0	-1.0	9.0	-1.0	11.0	-1.0	8.0	-1.0	20.0	-1.0	17.0	-1.0	8.0	-1.0	11.0	-1.0	20.0	-1.0	21.0	-1.0	19.0	-1.0	9.0	-1.0	10.0	-1.0	16.0	-1.0	10.0	-1.0	14.0	-1.0	10.0	-1.0	9.0	-1.0	14.0	-1.0	8.0	-1.0	9.0	-1.0	8.0	-1.0	11.0	-1.0	20.0	-1.0	15.0	-1.0	8.0	-1.0	16.0	-1.0	10.0	-1.0	9.0	-1.0	9.0	-1.0	16.0	-1.0	13.0	-1.0	8.0	-1.0	11.0	-1.0	8.0	-1.0
df_test_%	13.2	-1.0	11.7	-1.0	10.8	-1.0	13.7	-1.0	12.0	-1.0	22.0	-1.0	7.7	-1.0	9.0	-1.0	13.7	-1.0	19.0	-1.0	15.1	-1.0	15.9	-1.0	6.3	-1.0	14.7	-1.0	16.1	-1.0	24.1	-1.0	12.1	-1.0	15.8	-1.0	10.8	-1.0	8.8	-1.0	9.7	-1.0	8.0	-1.0	12.1	-1.0	32.2	-1.0	13.8	-1.0	11.2	-1.0	7.2	-1.0	9.8	-1.0	17.6	-1.0	31.6	-1.0	11.1	-1.0	15.8	-1.0	10.6	-1.0	18.3	-1.0	13.1	-1.0	3.8	-1.0	8.7	-1.0	21.2	-1.0	15.4	-1.0	14.0	-1.0	18.8	-1.0	18.4	-1.0	11.5	-1.0	15.5	-1.0	12.7	-1.0	11.7	-1.0	20.2	-1.0	19.2	-1.0	16.6	-1.0	33.3	-1.0	30.9	-1.0	32.4	-1.0	32.6	-1.0	28.5	-1.0	33.2	-1.0	25.1	-1.0	25.0	-1.0	24.7	-1.0	28.2	-1.0	28.2	-1.0	29.2	-1.0	29.0	-1.0	26.8	-1.0	27.0	-1.0	22.5	-1.0	38.5	-1.0	18.9	-1.0	17.6	-1.0	21.9	-1.0	16.5	-1.0	24.7	-1.0	24.7	-1.0	20.3	-1.0	19.2	-1.0	14.6	-1.0	7.8	-1.0	7.8	-1.0	3.9	-1.0	8.3	-1.0	13.0	-1.0	24.4	-1.0	23.8	-1.0	19.8	-1.0	11.2	-1.0	13.6	-1.0	17.0	-1.0	11.2	-1.0	28.0	-1.0	22.7	-1.0	20.2	-1.0	25.8	-1.0	16.7	-1.0	15.5	-1.0	8.6	-1.0	25.8	-1.0	4.1	-1.0	3.8	-1.0	18.9	-1.0	19.4	-1.0	19.7	-1.0	3.8	-1.0	3.8	-1.0	18.9	-1.0	3.7	-1.0	26.9	-1.0	21.4	-1.0	14.6	-1.0	14.0	-1.0	16.4	-1.0	23.2	-1.0	7.7	-1.0	12.6	-1.0	32.8	-1.0	24.0	-1.0	14.4	-1.0	20.1	-1.0	20.1	-1.0	17.6	-1.0	20.3	-1.0	31.6	-1.0	18.4	-1.0	20.8	-1.0	27.0	-1.0	25.8	-1.0
positives	14.0	-1.0	14.0	-1.0	14.0	-1.0	14.0	-1.0	14.0	-1.0	14.0	-1.0	14.0	-1.0	13.0	-1.0	13.0	-1.0	13.0	-1.0	13.0	-1.0	13.0	-1.0	13.0	-1.0	13.0	-1.0	15.0	-1.0	15.0	-1.0	15.0	-1.0	15.0	-1.0	15.0	-1.0	15.0	-1.0	15.0	-1.0	15.0	-1.0	15.0	-1.0	15.0	-1.0	11.0	-1.0	11.0	-1.0	11.0	-1.0	11.0	-1.0	11.0	-1.0	11.0	-1.0	13.0	-1.0	13.0	-1.0	13.0	-1.0	13.0	-1.0	13.0	-1.0	13.0	-1.0	13.0	-1.0	13.0	-1.0	13.0	-1.0	12.0	-1.0	12.0	-1.0	12.0	-1.0	12.0	-1.0	12.0	-1.0	12.0	-1.0	12.0	-1.0	12.0	-1.0	12.0	-1.0	12.0	-1.0	19.0	-1.0	19.0	-1.0	19.0	-1.0	19.0	-1.0	19.0	-1.0	19.0	-1.0	19.0	-1.0	19.0	-1.0	19.0	-1.0	18.0	-1.0	18.0	-1.0	18.0	-1.0	18.0	-1.0	18.0	-1.0	18.0	-1.0	18.0	-1.0	18.0	-1.0	17.0	-1.0	17.0	-1.0	17.0	-1.0	17.0	-1.0	17.0	-1.0	17.0	-1.0	17.0	-1.0	17.0	-1.0	17.0	-1.0	9.0	-1.0	9.0	-1.0	9.0	-1.0	9.0	-1.0	12.0	-1.0	12.0	-1.0	12.0	-1.0	12.0	-1.0	12.0	-1.0	12.0	-1.0	12.0	-1.0	12.0	-1.0	12.0	-1.0	12.0	-1.0	14.0	-1.0	14.0	-1.0	14.0	-1.0	14.0	-1.0	14.0	-1.0	14.0	-1.0	14.0	-1.0	9.0	-1.0	9.0	-1.0	9.0	-1.0	9.0	-1.0	9.0	-1.0	9.0	-1.0	9.0	-1.0	9.0	-1.0	15.0	-1.0	15.0	-1.0	15.0	-1.0	15.0	-1.0	15.0	-1.0	15.0	-1.0	15.0	-1.0	15.0	-1.0	15.0	-1.0	15.0	-1.0	15.0	-1.0	15.0	-1.0	15.0	-1.0	21.0	-1.0	21.0	-1.0	21.0	-1.0	21.0	-1.0	21.0	-1.0	21.0	-1.0	21.0	-1.0
count	278.0	-1.0	278.0	-1.0	278.0	-1.0	278.0	-1.0	278.0	-1.0	278.0	-1.0	278.0	-1.0	270.0	-1.0	270.0	-1.0	270.0	-1.0	270.0	-1.0	270.0	-1.0	270.0	-1.0	270.0	-1.0	265.0	-1.0	265.0	-1.0	265.0	-1.0	265.0	-1.0	265.0	-1.0	265.0	-1.0	265.0	-1.0	265.0	-1.0	265.0	-1.0	265.0	-1.0	265.0	-1.0	265.0	-1.0	265.0	-1.0	265.0	-1.0	265.0	-1.0	265.0	-1.0	279.0	-1.0	279.0	-1.0	279.0	-1.0	279.0	-1.0	279.0	-1.0	279.0	-1.0	279.0	-1.0	279.0	-1.0	279.0	-1.0	276.0	-1.0	276.0	-1.0	276.0	-1.0	276.0	-1.0	276.0	-1.0	276.0	-1.0	276.0	-1.0	276.0	-1.0	276.0	-1.0	276.0	-1.0	276.0	-1.0	276.0	-1.0	276.0	-1.0	276.0	-1.0	276.0	-1.0	276.0	-1.0	276.0	-1.0	276.0	-1.0	276.0	-1.0	265.0	-1.0	265.0	-1.0	265.0	-1.0	265.0	-1.0	265.0	-1.0	265.0	-1.0	265.0	-1.0	265.0	-1.0	278.0	-1.0	278.0	-1.0	278.0	-1.0	278.0	-1.0	278.0	-1.0	278.0	-1.0	278.0	-1.0	278.0	-1.0	278.0	-1.0	275.0	-1.0	275.0	-1.0	275.0	-1.0	275.0	-1.0	270.0	-1.0	270.0	-1.0	270.0	-1.0	270.0	-1.0	270.0	-1.0	270.0	-1.0	270.0	-1.0	270.0	-1.0	270.0	-1.0	270.0	-1.0	265.0	-1.0	265.0	-1.0	265.0	-1.0	265.0	-1.0	265.0	-1.0	265.0	-1.0	265.0	-1.0	284.0	-1.0	284.0	-1.0	284.0	-1.0	284.0	-1.0	284.0	-1.0	284.0	-1.0	284.0	-1.0	284.0	-1.0	278.0	-1.0	278.0	-1.0	278.0	-1.0	278.0	-1.0	278.0	-1.0	278.0	-1.0	278.0	-1.0	265.0	-1.0	265.0	-1.0	265.0	-1.0	265.0	-1.0	265.0	-1.0	265.0	-1.0	265.0	-1.0	265.0	-1.0	265.0	-1.0	265.0	-1.0	265.0	-1.0	265.0	-1.0	265.0	-1.0
mean	0.4589	-1.0	0.5077	-1.0	0.5311	-1.0	0.5164	-1.0	0.5387	-1.0	0.5864	-1.0	0.6018	-1.0	0.4797	-1.0	0.5389	-1.0	0.5121	-1.0	0.5574	-1.0	0.6016	-1.0	0.3787	-1.0	0.5145	-1.0	0.5601	-1.0	0.4665	-1.0	0.509	-1.0	0.814	-1.0	0.6636	-1.0	0.6708	-1.0	0.6602	-1.0	0.6737	-1.0	0.7561	-1.0	0.5608	-1.0	0.4376	-1.0	0.5414	-1.0	0.7065	-1.0	0.5076	-1.0	0.4851	-1.0	0.4829	-1.0	0.49	-1.0	0.5536	-1.0	0.5824	-1.0	0.4758	-1.0	0.4796	-1.0	0.5989	-1.0	0.4672	-1.0	0.5293	-1.0	0.6541	-1.0	0.5566	-1.0	0.4873	-1.0	0.5333	-1.0	0.7908	-1.0	0.4646	-1.0	0.592	-1.0	0.632	-1.0	0.5851	-1.0	0.3471	-1.0	0.6625	-1.0	0.5385	-1.0	0.5457	-1.0	0.6116	-1.0	0.6904	-1.0	0.7951	-1.0	0.6731	-1.0	0.7954	-1.0	0.4563	-1.0	0.7097	-1.0	0.4638	-1.0	0.461	-1.0	0.5103	-1.0	0.8744	-1.0	0.5192	-1.0	0.7542	-1.0	0.3127	-1.0	0.4795	-1.0	0.5015	-1.0	0.4763	-1.0	0.4644	-1.0	0.5695	-1.0	0.5175	-1.0	0.498	-1.0	0.6174	-1.0	0.5198	-1.0	0.4772	-1.0	0.5579	-1.0	0.5281	-1.0	0.5498	-1.0	0.56	-1.0	0.4243	-1.0	0.4659	-1.0	0.425	-1.0	0.8829	-1.0	0.4883	-1.0	0.4847	-1.0	0.5615	-1.0	0.4753	-1.0	0.3056	-1.0	0.4193	-1.0	0.5124	-1.0	0.3055	-1.0	0.9135	-1.0	0.6443	-1.0	0.4639	-1.0	0.3022	-1.0	0.4027	-1.0	0.4908	-1.0	0.4709	-1.0	0.5518	-1.0	0.508	-1.0	0.5573	-1.0	0.5654	-1.0	0.4317	-1.0	0.6011	-1.0	0.412	-1.0	0.4411	-1.0	0.5228	-1.0	0.412	-1.0	0.6026	-1.0	0.6353	-1.0	0.5272	-1.0	0.4709	-1.0	0.3998	-1.0	0.369	-1.0	0.8902	-1.0	0.3803	-1.0	0.4993	-1.0	0.5761	-1.0	0.5229	-1.0	0.6366	-1.0	0.697	-1.0	0.667	-1.0	0.3183	-1.0	0.5652	-1.0
std	0.1835	-1.0	0.1868	-1.0	0.0663	-1.0	0.108	-1.0	0.1323	-1.0	0.2335	-1.0	0.0804	-1.0	0.1124	-1.0	0.1888	-1.0	0.2082	-1.0	0.3096	-1.0	0.2384	-1.0	0.3642	-1.0	0.3922	-1.0	0.1266	-1.0	0.2278	-1.0	0.1211	-1.0	0.0679	-1.0	0.201	-1.0	0.1943	-1.0	0.2118	-1.0	0.1057	-1.0	0.1786	-1.0	0.3907	-1.0	0.2836	-1.0	0.1138	-1.0	0.1714	-1.0	0.1749	-1.0	0.37	-1.0	0.4054	-1.0	0.0563	-1.0	0.2222	-1.0	0.0991	-1.0	0.2707	-1.0	0.295	-1.0	0.1536	-1.0	0.2708	-1.0	0.2288	-1.0	0.0864	-1.0	0.1581	-1.0	0.255	-1.0	0.2153	-1.0	0.0447	-1.0	0.2063	-1.0	0.2046	-1.0	0.1425	-1.0	0.3623	-1.0	0.3934	-1.0	0.138	-1.0	0.2167	-1.0	0.2465	-1.0	0.1892	-1.0	0.0161	-1.0	0.2586	-1.0	0.2792	-1.0	0.1998	-1.0	0.3348	-1.0	0.1573	-1.0	0.2514	-1.0	0.2827	-1.0	0.2568	-1.0	0.0554	-1.0	0.2576	-1.0	0.2183	-1.0	0.3802	-1.0	0.4056	-1.0	0.0835	-1.0	0.3191	-1.0	0.2452	-1.0	0.1015	-1.0	0.1228	-1.0	0.0836	-1.0	0.1399	-1.0	0.1511	-1.0	0.279	-1.0	0.2879	-1.0	0.0912	-1.0	0.2458	-1.0	0.2994	-1.0	0.1765	-1.0	0.2548	-1.0	0.2529	-1.0	0.2108	-1.0	0.2036	-1.0	0.2127	-1.0	0.2666	-1.0	0.3095	-1.0	0.3225	-1.0	0.3772	-1.0	0.1423	-1.0	0.2003	-1.0	0.1336	-1.0	0.1635	-1.0	0.3836	-1.0	0.3826	-1.0	0.1766	-1.0	0.1154	-1.0	0.225	-1.0	0.2679	-1.0	0.3151	-1.0	0.1274	-1.0	0.1246	-1.0	0.2292	-1.0	0.1491	-1.0	0.2639	-1.0	0.2146	-1.0	0.2212	-1.0	0.3763	-1.0	0.1598	-1.0	0.2564	-1.0	0.2293	-1.0	0.1711	-1.0	0.3278	-1.0	0.3419	-1.0	0.0332	-1.0	0.4179	-1.0	0.2648	-1.0	0.1354	-1.0	0.1655	-1.0	0.2677	-1.0	0.1834	-1.0	0.0735	-1.0	0.2977	-1.0	0.1003	-1.0
min	0.1241	-1.0	0.1416	-1.0	0.4127	-1.0	0.3451	-1.0	0.2559	-1.0	0.0024	-1.0	0.5032	-1.0	0.2206	-1.0	0.0855	-1.0	0.1181	-1.0	0.007	-1.0	0.0713	-1.0	0.0	-1.0	0.0022	-1.0	0.1847	-1.0	0.0429	-1.0	0.1451	-1.0	0.5981	-1.0	0.078	-1.0	0.0276	-1.0	0.1516	-1.0	0.4734	-1.0	0.1487	-1.0	0.0006	-1.0	0.0022	-1.0	0.3414	-1.0	0.0822	-1.0	0.1659	-1.0	0.0001	-1.0	0.0006	-1.0	0.3753	-1.0	0.0051	-1.0	0.4066	-1.0	0.0	-1.0	0.0	-1.0	0.057	-1.0	0.0031	-1.0	0.002	-1.0	0.4739	-1.0	0.0661	-1.0	0.0027	-1.0	0.0085	-1.0	0.7172	-1.0	0.0884	-1.0	0.1255	-1.0	0.2739	-1.0	0.0	-1.0	0.0	-1.0	0.2949	-1.0	0.0778	-1.0	0.0245	-1.0	0.1754	-1.0	0.6553	-1.0	0.0079	-1.0	0.1247	-1.0	0.0001	-1.0	0.0	-1.0	0.2411	-1.0	0.0212	-1.0	0.0183	-1.0	0.0386	-1.0	0.7127	-1.0	0.029	-1.0	0.0664	-1.0	0.0	-1.0	0.002	-1.0	0.3624	-1.0	0.0043	-1.0	0.0333	-1.0	0.3853	-1.0	0.3283	-1.0	0.3702	-1.0	0.3368	-1.0	0.1945	-1.0	0.0046	-1.0	0.0513	-1.0	0.3449	-1.0	0.0311	-1.0	0.0208	-1.0	0.1035	-1.0	0.039	-1.0	0.0254	-1.0	0.1955	-1.0	0.1008	-1.0	0.1531	-1.0	0.0112	-1.0	0.0002	-1.0	0.0	-1.0	0.0051	-1.0	0.1894	-1.0	0.0141	-1.0	0.5327	-1.0	0.291	-1.0	0.0089	-1.0	0.0	-1.0	0.0755	-1.0	0.3615	-1.0	0.0279	-1.0	0.0242	-1.0	0.0023	-1.0	0.2977	-1.0	0.3985	-1.0	0.0076	-1.0	0.3861	-1.0	0.0054	-1.0	0.0708	-1.0	0.0505	-1.0	0.0002	-1.0	0.1452	-1.0	0.0121	-1.0	0.1087	-1.0	0.0942	-1.0	0.0008	-1.0	0.0003	-1.0	0.815	-1.0	0.0	-1.0	0.0382	-1.0	0.2322	-1.0	0.0969	-1.0	0.0294	-1.0	0.1935	-1.0	0.5073	-1.0	0.0004	-1.0	0.3696	-1.0
25%	0.3249	4.81	0.3668	6.25	0.4837	5.29	0.4404	5.77	0.4465	5.29	0.4663	6.25	0.5469	5.29	0.4031	5.94	0.396	4.95	0.3304	6.44	0.2733	6.44	0.4033	5.94	0.0204	4.93	0.0809	6.44	0.4813	6.53	0.2943	7.07	0.4172	7.07	0.767	7.04	0.5216	6.06	0.6353	5.05	0.5092	5.56	0.5983	4.52	0.6517	7.54	0.087	7.58	0.182	5.05	0.4541	4.02	0.6147	4.55	0.3362	4.02	0.079	5.53	0.0317	5.56	0.4487	5.26	0.4211	6.22	0.5132	6.22	0.2638	6.22	0.2121	6.22	0.5024	5.74	0.2435	4.78	0.3733	6.22	0.5947	5.74	0.4489	5.31	0.2927	5.31	0.3808	5.31	0.7591	3.86	0.3052	5.31	0.462	5.31	0.5916	5.31	0.1789	5.31	0.0006	5.29	0.5704	5.31	0.3764	8.7	0.349	8.7	0.4984	8.21	0.6799	8.7	0.6798	8.7	0.5715	8.7	0.7343	7.73	0.0633	8.7	0.608	8.7	0.259	8.04	0.213	9.05	0.2856	7.54	0.8449	8.59	0.2699	8.54	0.6511	8.59	0.0009	8.59	0.0434	8.04	0.4405	8.17	0.1379	8.17	0.2377	8.17	0.4891	8.17	0.432	7.69	0.4502	7.69	0.5183	7.69	0.4351	8.17	0.2291	8.17	0.1779	4.37	0.4196	4.37	0.3155	4.37	0.2556	4.37	0.2597	5.45	0.1824	5.45	0.2016	5.94	0.871	5.94	0.3167	5.45	0.166	5.45	0.2658	4.95	0.1331	5.45	0.0008	5.94	0.0174	5.91	0.3953	7.07	0.1412	6.57	0.8246	7.07	0.4696	7.04	0.0142	6.53	0.0	5.28	0.1598	7.07	0.4136	3.29	0.2772	3.76	0.2926	3.76	0.1913	3.76	0.4757	3.76	0.481	3.29	0.315	4.23	0.4836	3.76	0.1685	7.21	0.2585	6.25	0.3561	6.73	0.0515	6.73	0.4853	6.7	0.5179	6.73	0.3376	7.21	0.3555	7.04	0.0916	7.54	0.0643	7.54	0.8587	6.06	0.0036	7.58	0.257	6.53	0.4575	10.61	0.4022	10.05	0.5124	10.55	0.5717	10.61	0.6038	8.04	0.0549	10.55	0.488	10.55
50%	0.4074	6.47	0.4592	6.47	0.5105	5.76	0.4747	6.47	0.4853	6.47	0.6046	7.25	0.5794	5.76	0.4881	5.93	0.5379	5.19	0.526	8.89	0.6477	8.15	0.613	6.67	0.2552	5.19	0.5671	7.41	0.5627	6.82	0.4648	9.02	0.5027	6.82	0.8188	7.58	0.6844	6.82	0.7587	6.82	0.6886	4.58	0.6505	4.51	0.7975	8.27	0.7375	10.61	0.4016	7.52	0.5216	4.51	0.7235	5.26	0.5799	5.26	0.5267	8.27	0.4667	8.33	0.4898	5.76	0.5563	9.35	0.572	7.86	0.4874	8.63	0.4626	8.63	0.6403	5.71	0.4784	5.71	0.5711	8.63	0.65	6.43	0.5572	7.97	0.4886	7.25	0.5293	7.97	0.7826	5.07	0.4444	7.97	0.6794	7.25	0.6639	5.8	0.7621	7.25	0.0776	7.25	0.6972	7.97	0.5308	10.87	0.556	11.59	0.6194	11.59	0.6893	10.87	0.9136	11.59	0.8133	10.14	0.8569	8.76	0.5352	12.32	0.7397	10.14	0.4253	11.28	0.4396	10.53	0.489	9.09	0.8758	9.85	0.6589	9.77	0.8164	9.85	0.0509	10.61	0.4216	9.77	0.4958	11.51	0.5341	11.51	0.4722	12.23	0.5553	9.35	0.4959	11.51	0.4851	10.07	0.6288	10.79	0.5233	11.51	0.4963	11.51	0.6563	5.11	0.5665	5.07	0.6472	5.07	0.6121	5.84	0.4603	5.93	0.5178	8.15	0.3988	8.15	0.9975	7.41	0.4907	8.15	0.6004	6.67	0.6456	7.41	0.5417	7.41	0.1603	8.15	0.3946	8.89	0.5761	9.09	0.2808	8.27	0.9917	6.98	0.7188	7.52	0.7331	9.09	0.0231	9.09	0.5059	6.02	0.4368	3.52	0.4894	4.93	0.607	5.63	0.5551	5.63	0.53	4.23	0.5113	4.23	0.4252	6.34	0.5471	4.93	0.432	10.79	0.4158	7.19	0.5319	9.35	0.2606	9.35	0.519	7.91	0.6999	10.07	0.5273	8.63	0.4718	9.85	0.3485	9.77	0.2611	10.61	0.9044	7.52	0.1171	9.77	0.5677	9.85	0.5951	12.88	0.5446	13.53	0.7422	15.79	0.714	14.29	0.6787	10.61	0.2145	15.79	0.5683	14.39
60%	0.4573	8.11	0.5237	8.11	0.5296	7.21	0.4917	8.11	0.512	7.21	0.6521	8.11	0.5874	6.31	0.517	4.63	0.606	5.56	0.5924	7.41	0.723	9.26	0.7245	8.33	0.4115	4.63	0.7715	8.33	0.5904	8.49	0.5404	10.38	0.533	7.55	0.8367	7.55	0.7485	6.6	0.778	5.66	0.7636	4.72	0.6759	4.72	0.8226	9.43	0.8369	13.21	0.5056	9.43	0.554	5.66	0.7737	6.6	0.6146	5.66	0.6199	8.49	0.6985	10.38	0.5052	6.25	0.6243	10.81	0.5891	8.93	0.5649	9.82	0.5904	9.82	0.6743	5.36	0.5915	7.14	0.6253	9.82	0.6703	6.31	0.5851	9.91	0.5785	9.09	0.6053	9.09	0.7896	6.31	0.5214	9.01	0.7214	7.21	0.6908	5.41	0.8281	7.27	0.3975	7.27	0.7232	9.91	0.594	12.73	0.6235	13.64	0.6726	13.64	0.6938	12.61	0.9496	13.64	0.8403	10.91	0.8832	9.01	0.6512	13.51	0.7885	12.61	0.5173	13.21	0.5264	12.26	0.5902	10.38	0.8888	11.32	0.6907	11.32	0.8661	12.26	0.2655	11.32	0.733	12.26	0.5059	14.41	0.6606	14.41	0.5574	12.61	0.5784	11.71	0.5195	13.39	0.4947	11.71	0.6488	13.51	0.5504	13.51	0.5856	14.29	0.699	5.45	0.5741	6.36	0.7201	6.36	0.7181	5.45	0.4989	7.41	0.5736	9.26	0.4943	10.19	0.9988	9.26	0.5491	9.26	0.6168	6.48	0.7035	7.41	0.5873	8.33	0.3509	10.19	0.5762	11.21	0.5907	9.43	0.3242	9.43	0.993	8.41	0.7383	8.49	0.7892	9.43	0.2315	10.38	0.5101	5.66	0.4544	4.39	0.5387	5.26	0.6987	7.02	0.7101	7.02	0.5553	4.35	0.5416	4.39	0.5245	7.02	0.5764	6.14	0.4817	12.61	0.4849	8.11	0.5873	9.91	0.5275	11.71	0.5862	9.01	0.7143	10.81	0.6048	10.81	0.5229	10.38	0.4665	12.26	0.3882	13.21	0.9067	6.54	0.3745	11.32	0.6319	12.26	0.6228	15.09	0.5772	16.04	0.783	17.92	0.7721	16.04	0.7009	13.21	0.3248	19.81	0.5978	14.15
70%	0.5278	9.52	0.5969	5.95	0.5435	8.24	0.5304	9.52	0.5562	8.33	0.7172	10.71	0.5983	7.14	0.5537	3.7	0.6652	6.17	0.6506	8.64	0.7978	12.35	0.7806	8.64	0.6487	6.17	0.8967	9.88	0.6373	6.25	0.6053	10.0	0.5705	8.75	0.8523	10.0	0.8061	8.75	0.7898	6.25	0.8172	6.25	0.7067	5.0	0.8852	10.0	0.9019	17.5	0.631	7.5	0.5835	6.25	0.8071	8.75	0.6494	5.0	0.7849	11.25	0.8995	13.75	0.5165	7.14	0.6854	13.1	0.624	10.71	0.6399	10.71	0.7066	11.9	0.7	5.95	0.6707	8.33	0.6665	11.9	0.692	5.95	0.6188	13.25	0.6597	10.84	0.6733	10.84	0.803	4.82	0.584	9.64	0.7479	7.23	0.7125	6.02	0.8671	7.23	0.675	8.43	0.7549	9.64	0.6529	15.66	0.7058	15.66	0.7225	15.66	0.6971	16.87	0.9714	16.87	0.868	13.25	0.9024	10.84	0.7044	15.66	0.8229	14.46	0.6049	15.0	0.6408	13.75	0.6822	13.92	0.904	11.25	0.7264	13.75	0.9016	15.0	0.6008	12.5	0.8863	16.25	0.5202	16.67	0.7369	14.29	0.6369	15.48	0.5986	10.71	0.5419	14.29	0.5071	13.1	0.6846	11.9	0.5793	15.48	0.7003	14.29	0.7427	4.82	0.5809	6.02	0.7506	6.02	0.8119	6.02	0.5364	8.64	0.6187	9.88	0.5566	12.35	0.9993	11.9	0.6092	9.88	0.6344	6.17	0.7568	8.64	0.6375	8.64	0.5235	13.58	0.7505	13.58	0.6069	11.25	0.3786	11.25	0.9938	8.97	0.7564	10.0	0.8206	10.0	0.5509	11.25	0.5133	7.5	0.4983	5.88	0.5928	7.06	0.7426	7.06	0.7637	8.24	0.5845	5.88	0.5649	5.88	0.5602	9.41	0.6318	5.88	0.5747	14.29	0.5458	10.71	0.662	11.9	0.7238	15.48	0.7142	10.71	0.7369	9.52	0.6579	13.1	0.5621	11.25	0.5959	16.25	0.5773	15.0	0.9102	7.5	0.8101	15.0	0.6715	13.75	0.6495	18.75	0.6266	17.5	0.8164	20.0	0.8302	13.75	0.7172	15.0	0.462	21.52	0.6231	16.25
75%	0.5888	8.57	0.6326	7.14	0.5515	8.57	0.5562	10.0	0.5962	8.57	0.7474	12.86	0.6038	8.7	0.5635	4.41	0.6857	7.35	0.6697	10.29	0.8226	13.24	0.8189	10.29	0.7081	7.35	0.9318	10.29	0.6506	7.46	0.65	10.45	0.5963	10.61	0.8605	10.61	0.8297	10.61	0.7947	7.58	0.8405	4.55	0.7225	6.06	0.904	10.61	0.9258	19.7	0.6878	8.96	0.6118	6.06	0.8377	9.09	0.6621	5.97	0.8604	13.64	0.9378	16.67	0.5242	7.14	0.7145	12.86	0.6401	11.43	0.6979	10.0	0.7576	12.86	0.7229	5.71	0.7053	7.14	0.707	12.86	0.7069	7.14	0.6553	14.49	0.6877	13.04	0.7029	11.59	0.8086	5.8	0.6141	11.59	0.7553	7.25	0.7263	7.14	0.8856	8.7	0.8142	8.7	0.7705	10.14	0.7003	18.84	0.7414	18.84	0.7512	17.39	0.6987	15.71	0.9795	18.84	0.8782	15.94	0.9208	12.86	0.7439	18.84	0.8349	17.39	0.636	16.67	0.7055	16.42	0.715	15.15	0.9097	12.12	0.7364	16.92	0.9164	16.67	0.7136	13.64	0.918	18.18	0.526	18.57	0.7593	17.14	0.6806	15.71	0.6115	11.43	0.557	15.71	0.511	15.71	0.7041	11.43	0.5891	14.29	0.7171	14.29	0.7641	5.8	0.586	5.8	0.7632	7.25	0.8447	5.8	0.5546	8.82	0.6552	10.29	0.6258	14.71	0.9995	14.49	0.645	10.29	0.6416	7.35	0.7731	8.82	0.6717	8.82	0.6064	16.18	0.8184	14.71	0.6149	11.94	0.4152	13.64	0.9942	9.23	0.7649	10.45	0.8308	8.96	0.6663	13.43	0.516	8.96	0.5248	5.63	0.664	8.45	0.7789	8.45	0.7975	8.45	0.6109	6.94	0.5996	5.63	0.6046	8.45	0.7114	7.04	0.6305	17.14	0.6147	11.43	0.6952	14.29	0.7971	17.14	0.7421	11.43	0.8316	10.0	0.7121	12.86	0.5743	8.96	0.6544	17.91	0.6455	18.18	0.9123	8.82	0.9032	16.67	0.6928	16.42	0.6782	20.9	0.6511	18.18	0.8352	19.7	0.8549	16.67	0.7273	16.42	0.594	22.39	0.6292	19.7
80%	0.619	8.93	0.6719	7.14	0.5622	10.71	0.5977	10.71	0.6474	10.71	0.7792	12.5	0.6154	10.71	0.5753	5.56	0.723	9.26	0.7106	12.96	0.8537	14.81	0.842	11.11	0.7851	7.41	0.9496	12.96	0.6677	9.26	0.6834	13.21	0.6206	13.21	0.8719	12.96	0.8573	9.43	0.7992	7.69	0.862	5.66	0.7527	7.55	0.9216	9.43	0.9474	22.64	0.724	11.32	0.6628	7.55	0.8615	7.55	0.6736	5.66	0.913	15.09	0.9631	18.87	0.5326	8.93	0.7404	16.36	0.6506	10.71	0.7472	10.71	0.7981	12.5	0.735	5.26	0.7297	8.93	0.7313	14.29	0.7242	8.93	0.7024	14.29	0.7219	10.91	0.7458	12.5	0.8244	7.14	0.6501	12.5	0.7688	8.93	0.7378	7.14	0.9018	10.91	0.8574	10.71	0.7847	10.91	0.7463	20.0	0.7785	19.64	0.7864	20.0	0.7008	17.54	0.9872	16.67	0.8888	18.18	0.9325	16.07	0.7893	21.82	0.8561	16.07	0.7102	20.75	0.7473	18.87	0.7629	18.87	0.9205	15.09	0.7417	16.98	0.9377	16.98	0.8004	16.98	0.953	22.64	0.5346	16.07	0.7778	17.86	0.7314	17.86	0.6306	14.29	0.5742	16.07	0.5253	17.86	0.7309	12.5	0.6031	14.29	0.7561	16.07	0.8011	3.64	0.5937	5.45	0.781	9.09	0.8667	5.45	0.5708	11.11	0.6972	12.96	0.684	14.81	0.9997	21.28	0.6714	11.11	0.6483	9.26	0.8047	9.26	0.7204	11.11	0.6477	20.37	0.8589	18.52	0.6227	12.96	0.4623	13.21	0.9947	10.91	0.7773	13.21	0.8377	7.69	0.7955	15.09	0.52	9.43	0.5855	3.51	0.7177	8.77	0.8061	10.53	0.8265	10.53	0.6418	7.02	0.6489	1.75	0.6551	8.77	0.795	8.77	0.6861	16.07	0.6622	10.71	0.73	12.5	0.8941	17.86	0.7702	10.71	0.8636	10.71	0.7627	12.5	0.5963	11.32	0.753	22.64	0.7376	20.75	0.9141	9.43	0.9456	20.75	0.7158	15.09	0.6951	20.75	0.6737	20.75	0.8512	22.64	0.8785	18.87	0.7365	15.09	0.6622	22.64	0.6379	22.64
85%	0.6682	9.52	0.703	9.52	0.6359	11.9	0.6747	14.29	0.7363	14.29	0.842	16.67	0.7474	11.9	0.5899	7.32	0.7539	9.76	0.7419	14.63	0.8815	19.51	0.8622	12.2	0.8876	4.88	0.9702	12.2	0.6802	12.5	0.7209	17.5	0.6437	12.5	0.8866	17.5	0.8753	12.5	0.8029	10.0	0.8869	7.5	0.7892	7.5	0.9345	10.0	0.9571	25.0	0.8008	10.0	0.6944	7.5	0.8847	5.0	0.686	7.5	0.9499	17.5	0.976	22.5	0.5417	9.52	0.7909	14.63	0.6676	9.52	0.8061	11.9	0.8311	16.67	0.7486	2.38	0.7676	7.14	0.7738	19.05	0.7351	11.9	0.7191	14.29	0.7895	14.29	0.7617	11.9	0.831	9.76	0.6917	9.52	0.7769	9.52	0.7553	9.52	0.9145	14.29	0.9151	11.9	0.8058	11.9	0.7899	26.19	0.8264	21.43	0.8219	21.43	0.7051	21.43	0.9938	19.05	0.9012	23.81	0.9465	16.67	0.8185	26.19	0.8713	21.43	0.7702	25.0	0.8256	17.5	0.8188	20.0	0.931	20.0	0.7465	19.51	0.9519	22.5	0.875	17.5	0.97	30.0	0.645	16.67	0.8111	16.67	0.7624	21.43	0.7327	14.29	0.7114	16.67	0.6227	16.67	0.7627	14.29	0.7365	14.29	0.7957	14.29	0.8456	4.76	0.6007	7.14	0.7956	7.32	0.8927	7.14	0.5979	14.63	0.7428	17.07	0.7342	19.51	0.9997	21.28	0.6996	14.63	0.654	9.76	0.832	12.2	0.8034	9.76	0.7377	21.95	0.9007	19.51	0.6305	15.0	0.4985	17.5	0.9953	12.2	0.7843	12.5	0.8413	10.0	0.8578	17.5	0.5215	2.5	0.7052	2.27	0.728	11.63	0.8309	13.95	0.8597	14.29	0.7529	2.33	0.809	2.33	0.6788	11.63	0.8445	2.33	0.756	21.43	0.703	14.29	0.7857	16.67	0.9438	21.43	0.7999	11.9	0.9043	14.29	0.8119	4.76	0.6538	10.0	0.8723	30.0	0.8503	25.0	0.9161	12.5	0.9694	22.5	0.7662	17.5	0.721	20.0	0.6943	22.5	0.8629	25.0	0.9028	17.5	0.7476	17.5	0.7406	20.0	0.6511	27.5
86%	0.675	10.26	0.7225	10.26	0.6382	12.82	0.6786	12.82	0.7397	15.38	0.8474	17.95	0.7499	10.26	0.5932	7.89	0.7597	10.53	0.7448	13.16	0.8949	18.42	0.8685	12.82	0.8921	5.26	0.9721	13.16	0.694	13.51	0.7335	16.22	0.6536	10.81	0.8872	16.22	0.8798	10.81	0.8038	10.81	0.893	8.11	0.7977	8.11	0.9412	10.53	0.9608	24.32	0.8071	10.81	0.6994	8.11	0.8943	5.41	0.6883	8.11	0.9537	16.22	0.9774	24.32	0.5435	10.0	0.7963	15.38	0.6697	10.0	0.8156	12.82	0.837	15.38	0.7542	2.56	0.7713	7.69	0.7777	20.51	0.7365	12.82	0.7305	12.82	0.7974	15.38	0.7728	12.82	0.8321	7.69	0.7107	10.26	0.778	10.26	0.761	10.26	0.9207	15.38	0.9173	12.82	0.8078	12.82	0.7979	28.21	0.8327	23.08	0.8251	23.08	0.7062	23.08	0.9944	20.51	0.9044	26.32	0.9491	17.95	0.8285	28.21	0.8718	20.51	0.7839	27.03	0.8308	18.92	0.8299	21.62	0.9334	21.62	0.747	21.62	0.9551	21.62	0.8866	16.22	0.9734	31.58	0.6466	18.42	0.8156	15.38	0.7668	20.51	0.7371	15.38	0.7182	17.95	0.6247	17.95	0.7732	15.38	0.7398	15.0	0.8096	12.82	0.8519	5.13	0.6029	7.69	0.7979	7.69	0.8956	7.69	0.5999	13.16	0.7625	18.42	0.7485	21.05	0.9998	17.24	0.7093	15.79	0.6566	10.53	0.8359	13.16	0.8199	10.53	0.7504	21.05	0.906	21.05	0.6328	15.79	0.5112	18.92	0.9956	10.53	0.7872	13.51	0.8427	10.81	0.889	18.92	0.5219	2.7	0.7059	2.5	0.7286	12.5	0.8383	15.0	0.8627	15.0	0.767	2.5	0.8103	2.5	0.6796	12.5	0.8487	2.5	0.7638	20.51	0.7153	15.38	0.7919	15.38	0.9495	17.95	0.8101	12.82	0.9091	15.38	0.8339	5.13	0.6692	10.81	0.8847	27.03	0.8817	24.32	0.9166	10.81	0.9721	24.32	0.7768	18.92	0.7262	18.92	0.7	24.32	0.8655	24.32	0.9063	18.92	0.7486	18.92	0.7445	21.62	0.6515	24.32
87%	0.6826	10.81	0.7562	10.81	0.6425	13.89	0.6806	13.51	0.7484	16.22	0.8656	18.92	0.7546	8.33	0.5958	8.33	0.7678	11.43	0.7468	14.29	0.9006	19.44	0.8919	11.43	0.9112	5.71	0.9733	13.89	0.7005	14.29	0.7397	17.14	0.6645	11.43	0.8891	17.14	0.8921	11.43	0.8045	11.43	0.8979	8.57	0.8033	8.57	0.9427	8.57	0.9635	22.86	0.8131	11.43	0.7066	8.57	0.8991	5.71	0.6903	8.57	0.9688	14.29	0.9783	25.71	0.5445	10.81	0.8087	16.22	0.6734	10.81	0.8216	13.51	0.8473	16.22	0.7562	2.7	0.7789	8.11	0.7855	18.92	0.7382	13.89	0.7405	13.89	0.8008	16.67	0.7805	13.89	0.8363	8.33	0.7144	11.11	0.78	11.11	0.7646	11.11	0.9213	16.67	0.9207	13.89	0.8092	13.89	0.8056	25.0	0.8441	25.0	0.831	25.0	0.7069	25.0	0.9952	22.22	0.9087	27.78	0.951	19.44	0.8323	25.0	0.8725	22.22	0.7991	28.57	0.8355	20.0	0.8496	22.86	0.9359	23.53	0.7481	22.86	0.9562	23.53	0.9039	17.14	0.9751	34.29	0.6484	18.92	0.8202	16.67	0.7712	19.44	0.7419	16.67	0.7207	19.44	0.6295	18.92	0.796	16.22	0.7407	13.51	0.8134	10.81	0.8571	5.56	0.6054	8.33	0.8015	5.56	0.9025	8.33	0.6062	14.29	0.7728	20.0	0.7606	22.86	0.9998	17.24	0.7218	17.14	0.6573	11.43	0.8388	14.29	0.8371	11.43	0.7783	22.22	0.9156	20.0	0.6381	14.29	0.5245	20.0	0.9956	10.53	0.7896	14.29	0.8441	8.57	0.9178	20.0	0.5226	2.86	0.7089	2.7	0.7312	13.51	0.8554	16.22	0.8644	16.22	0.7804	2.7	0.811	2.63	0.6826	13.51	0.8538	2.7	0.7703	22.22	0.7197	16.67	0.8012	13.51	0.9559	16.22	0.8118	13.89	0.9106	16.22	0.8374	5.56	0.6813	11.43	0.8942	28.57	0.8911	22.86	0.9171	11.43	0.9824	22.86	0.8041	14.29	0.7304	17.14	0.7039	22.86	0.8671	25.71	0.9105	20.0	0.7509	20.0	0.7714	22.86	0.6549	22.86
88%	0.6923	11.76	0.7713	11.76	0.6449	14.71	0.6838	14.71	0.755	14.71	0.8761	20.59	0.7563	5.88	0.6017	9.09	0.7701	12.12	0.754	15.15	0.9067	21.21	0.8942	12.12	0.9416	6.06	0.9742	15.62	0.7067	12.5	0.7505	18.75	0.6684	9.38	0.8939	15.62	0.8948	12.5	0.8059	9.38	0.9051	9.38	0.8135	6.25	0.9453	9.38	0.9666	25.0	0.8188	12.5	0.7167	9.38	0.9044	6.25	0.6922	9.38	0.9711	15.62	0.9794	25.0	0.5485	11.76	0.8197	14.71	0.6817	8.82	0.8309	14.71	0.8542	11.76	0.7587	2.94	0.7849	8.82	0.7892	20.59	0.7388	14.71	0.7576	14.71	0.8091	17.14	0.7896	14.71	0.8399	8.82	0.7211	11.76	0.7813	11.76	0.7727	9.09	0.9229	17.65	0.924	14.71	0.8137	14.71	0.8129	26.47	0.8655	24.24	0.8329	27.27	0.7072	27.27	0.9958	24.24	0.9114	30.3	0.9526	20.59	0.8426	21.21	0.8745	20.59	0.8213	25.0	0.8385	21.88	0.8644	25.0	0.9385	25.0	0.7494	24.24	0.9603	25.0	0.9193	18.75	0.9769	34.38	0.6507	17.65	0.8373	14.71	0.7775	20.59	0.7447	17.65	0.7295	20.59	0.6322	20.59	0.8026	17.65	0.7431	14.71	0.822	11.76	0.8631	6.06	0.6099	6.06	0.8052	3.03	0.9067	9.09	0.6202	12.12	0.7861	21.21	0.7732	24.24	0.9998	17.24	0.7293	15.15	0.6642	12.12	0.8472	15.15	0.8472	12.12	0.791	24.24	0.9205	21.21	0.64	15.62	0.5301	21.88	0.9958	13.79	0.7928	15.62	0.8445	9.38	0.9365	21.88	0.5237	3.03	0.7108	2.94	0.7331	14.71	0.8594	17.65	0.8651	17.65	0.7895	2.94	0.8112	2.86	0.6927	14.71	0.8543	3.03	0.7735	20.59	0.7337	17.65	0.8157	11.76	0.9604	17.65	0.8186	14.71	0.9125	18.18	0.8447	5.88	0.6873	12.5	0.9002	31.25	0.9033	21.88	0.9174	12.5	0.9846	18.75	0.8091	15.62	0.7404	18.75	0.7066	18.75	0.871	28.12	0.9216	18.75	0.7518	18.75	0.7888	25.0	0.6564	21.88
89%	0.7014	12.9	0.7785	12.9	0.6472	12.9	0.6888	12.9	0.764	12.9	0.8854	19.35	0.7575	6.25	0.6062	10.0	0.7809	13.33	0.7663	16.67	0.914	16.67	0.8976	13.33	0.95	6.67	0.9754	16.67	0.7088	13.33	0.7598	20.0	0.6707	10.0	0.8952	13.79	0.8994	13.33	0.8061	10.0	0.91	9.68	0.8189	6.67	0.9461	10.0	0.9713	26.67	0.8278	13.33	0.7292	10.0	0.9102	6.67	0.6937	10.34	0.9757	16.67	0.981	28.57	0.5503	12.9	0.8517	12.9	0.6857	9.68	0.8482	16.13	0.8593	12.9	0.7608	3.23	0.7901	9.68	0.7923	19.35	0.7483	16.13	0.7602	16.13	0.8143	16.13	0.7982	16.13	0.8421	9.68	0.7248	12.9	0.7827	12.9	0.7798	9.68	0.9261	19.35	0.9349	16.13	0.8165	16.13	0.8261	29.03	0.8774	25.81	0.8503	29.03	0.7083	29.03	0.9965	25.0	0.9131	32.26	0.9554	22.58	0.8462	22.58	0.8775	22.58	0.8312	26.67	0.8482	23.33	0.8757	26.67	0.9401	26.67	0.751	26.67	0.964	23.33	0.9255	20.0	0.9784	36.67	0.6514	16.13	0.8501	16.13	0.7797	22.58	0.7476	19.35	0.7331	22.58	0.6348	22.58	0.8114	19.35	0.747	16.13	0.825	12.9	0.8715	6.45	0.6122	6.45	0.8107	3.33	0.9094	6.45	0.6275	13.33	0.7998	20.0	0.778	23.33	0.9998	17.24	0.7481	13.33	0.6652	13.33	0.8523	16.67	0.8837	13.33	0.7949	26.67	0.9317	20.0	0.6409	17.24	0.5483	24.14	0.9958	13.79	0.7958	16.67	0.8448	6.9	0.9467	23.33	0.5247	3.45	0.7122	3.33	0.7355	15.62	0.8685	15.62	0.8701	18.75	0.7927	3.12	0.8132	3.12	0.6969	15.62	0.8546	3.23	0.7833	22.58	0.7507	19.35	0.823	12.9	0.9636	12.9	0.8263	16.13	0.9162	19.35	0.8527	6.45	0.6977	10.0	0.9117	30.0	0.9281	23.33	0.9192	13.79	0.9862	20.0	0.8123	16.67	0.7427	17.24	0.7203	20.0	0.8738	26.67	0.9303	20.0	0.7533	20.0	0.8113	23.33	0.6594	23.33
90%	0.7237	14.29	0.7831	10.71	0.6492	10.71	0.6956	14.29	0.7699	13.79	0.8897	21.43	0.7587	7.14	0.6083	7.41	0.7893	14.81	0.7791	18.52	0.9238	11.11	0.9035	14.81	0.9626	7.41	0.9768	14.29	0.7112	14.81	0.7666	22.22	0.6786	11.11	0.8974	14.81	0.9031	11.11	0.807	11.11	0.9109	11.11	0.8325	7.41	0.9495	11.11	0.9743	29.63	0.8366	14.81	0.731	11.11	0.9121	7.14	0.6954	11.11	0.9794	18.52	0.9824	29.63	0.5528	10.71	0.8652	14.29	0.6971	10.71	0.8561	17.86	0.8685	14.29	0.7639	3.57	0.8023	7.14	0.8041	21.43	0.7538	17.86	0.7661	14.29	0.8265	17.86	0.8102	17.86	0.8442	10.71	0.733	14.29	0.7839	10.71	0.7818	10.71	0.9314	21.43	0.9409	17.86	0.8189	14.29	0.8415	32.14	0.8904	28.57	0.8639	32.14	0.7091	32.14	0.9969	25.0	0.9142	32.14	0.9566	25.0	0.8655	25.0	0.8808	25.0	0.8356	29.63	0.8655	25.93	0.8772	25.93	0.944	29.63	0.752	25.93	0.9666	25.93	0.9291	22.22	0.9811	37.04	0.6517	17.86	0.8671	17.86	0.7854	21.43	0.7531	17.86	0.7341	25.0	0.6369	25.0	0.8195	17.86	0.7559	17.86	0.84	14.29	0.8779	7.14	0.615	7.14	0.8123	3.57	0.917	7.14	0.6397	11.11	0.8081	22.22	0.7884	22.22	0.9998	17.24	0.7815	11.11	0.6673	14.81	0.8591	14.81	0.8942	15.38	0.8121	25.93	0.9363	22.22	0.6422	18.52	0.5835	25.93	0.9959	14.81	0.7971	14.81	0.8456	7.41	0.9584	25.93	0.5252	3.7	0.713	3.45	0.7549	17.24	0.8736	17.24	0.8788	20.69	0.7933	3.45	0.8137	3.45	0.7196	17.24	0.8552	3.45	0.7903	25.0	0.7658	21.43	0.8284	14.29	0.969	14.29	0.8387	14.29	0.9222	21.43	0.8566	7.14	0.704	11.11	0.9188	33.33	0.9305	25.93	0.9222	14.81	0.9901	22.22	0.8308	18.52	0.7504	14.81	0.7224	18.52	0.8747	28.57	0.9355	21.43	0.7542	22.22	0.8127	25.93	0.6609	25.93
91%	0.7285	12.0	0.7953	12.0	0.6509	8.0	0.6981	12.0	0.7706	12.0	0.895	24.0	0.7605	8.0	0.6208	8.0	0.797	12.5	0.7859	20.0	0.9295	12.0	0.9096	16.0	0.9743	8.0	0.9785	12.0	0.7239	16.67	0.7787	25.0	0.6831	12.5	0.9017	16.67	0.9092	8.33	0.8074	12.0	0.9173	8.33	0.8396	8.33	0.9511	12.5	0.978	33.33	0.8465	12.5	0.7329	12.5	0.917	8.33	0.7017	8.33	0.9821	20.83	0.984	33.33	0.5552	12.0	0.8701	15.38	0.7114	11.54	0.864	19.23	0.8778	11.54	0.7691	3.85	0.8099	7.69	0.8108	24.0	0.7606	15.38	0.7749	16.0	0.8368	20.0	0.8204	20.0	0.8503	12.0	0.7439	16.0	0.7848	12.0	0.7833	12.0	0.9324	20.0	0.9439	20.0	0.8202	16.0	0.848	36.0	0.9014	32.0	0.8726	36.0	0.7099	36.0	0.9971	28.0	0.9156	33.33	0.9632	28.0	0.8747	24.0	0.8875	24.0	0.8505	29.17	0.8832	29.17	0.888	29.17	0.9472	29.17	0.753	29.17	0.9709	29.17	0.9413	25.0	0.9842	40.0	0.6522	20.0	0.8716	20.0	0.8002	20.0	0.7567	16.0	0.7375	24.0	0.6385	24.0	0.8298	20.0	0.7615	20.0	0.8507	16.0	0.883	8.0	0.6157	8.0	0.8137	4.0	0.9192	8.0	0.6454	12.0	0.8114	24.0	0.802	24.0	0.9998	17.24	0.7969	8.0	0.6719	12.0	0.8679	16.0	0.9066	12.0	0.8138	28.0	0.9383	24.0	0.6449	20.83	0.6246	29.17	0.9961	16.67	0.8	16.67	0.8462	8.0	0.9631	25.0	0.5268	4.17	0.7149	3.85	0.7691	19.23	0.8787	19.23	0.8848	19.23	0.7943	3.85	0.8145	3.85	0.736	19.23	0.8562	3.85	0.798	28.0	0.7694	24.0	0.8461	16.0	0.9765	15.38	0.8554	16.0	0.9282	24.0	0.8646	8.0	0.7139	12.5	0.931	33.33	0.9539	29.17	0.9251	16.67	0.9919	20.83	0.8472	20.83	0.7547	16.67	0.7247	20.83	0.8807	33.33	0.9392	20.83	0.759	24.0	0.8204	29.17	0.662	25.0
92%	0.7425	13.04	0.8092	13.04	0.6524	8.7	0.7048	13.04	0.7741	8.7	0.9108	21.74	0.764	8.7	0.6359	9.09	0.7988	13.64	0.7926	22.73	0.9317	13.64	0.9128	18.18	0.9785	4.55	0.9796	13.64	0.7312	18.18	0.7894	27.27	0.6917	13.64	0.906	18.18	0.9108	9.09	0.8077	4.76	0.9202	9.09	0.849	9.09	0.9549	13.64	0.9795	36.36	0.8619	13.64	0.7352	13.64	0.9193	9.52	0.7073	9.09	0.9893	18.18	0.9858	36.36	0.5558	9.09	0.8804	17.39	0.7265	13.04	0.8701	21.74	0.8918	13.04	0.7707	4.35	0.8196	8.7	0.8155	21.74	0.7626	13.04	0.7838	13.04	0.8405	21.74	0.8249	21.74	0.8621	13.04	0.7651	18.18	0.7878	13.64	0.7855	13.64	0.937	22.73	0.952	21.74	0.8233	18.18	0.8609	36.36	0.9078	34.78	0.8826	34.78	0.7118	36.36	0.9975	31.82	0.9169	36.36	0.9636	29.17	0.8845	27.27	0.8903	26.09	0.859	27.27	0.8892	31.82	0.8915	31.82	0.9509	31.82	0.7538	28.57	0.9742	27.27	0.9514	22.73	0.9848	40.91	0.654	21.74	0.8775	21.74	0.8072	21.74	0.7604	13.04	0.741	26.09	0.6407	26.09	0.8347	21.74	0.7668	21.74	0.8561	17.39	0.8924	9.09	0.6199	9.09	0.8163	4.55	0.9207	9.09	0.6589	13.64	0.8242	27.27	0.823	22.73	0.9999	25.0	0.8116	9.09	0.6741	13.64	0.8702	18.18	0.9175	9.09	0.827	31.82	0.9422	22.73	0.647	22.73	0.6503	27.27	0.9963	20.0	0.8032	13.64	0.8468	9.09	0.9672	27.27	0.5276	4.76	0.716	4.35	0.7807	21.74	0.8863	21.74	0.893	21.74	0.7964	4.35	0.8189	4.35	0.7436	21.74	0.8571	4.17	0.8039	30.43	0.7769	26.09	0.8488	17.39	0.9786	13.64	0.8642	17.39	0.9303	26.09	0.8725	8.7	0.7259	13.64	0.9382	31.82	0.9681	22.73	0.9266	18.18	0.9941	22.73	0.8606	22.73	0.7611	18.18	0.7312	22.73	0.8876	36.36	0.9421	13.64	0.7616	19.05	0.8243	27.27	0.6649	27.27
93%	0.758	15.0	0.8379	10.0	0.6542	10.0	0.7111	15.0	0.7757	10.0	0.925	25.0	0.7669	10.0	0.6452	10.53	0.8078	15.79	0.8189	21.05	0.9353	15.79	0.9174	21.05	0.9836	5.26	0.9814	15.79	0.7342	21.05	0.806	31.58	0.6994	15.79	0.9152	15.79	0.9157	10.53	0.8083	5.26	0.9238	10.53	0.8664	10.53	0.9592	15.79	0.9834	42.11	0.8661	15.79	0.7375	10.53	0.9236	5.26	0.7123	10.53	0.9909	15.79	0.9884	36.84	0.5597	10.0	0.8909	20.0	0.7365	10.0	0.8767	20.0	0.8998	15.0	0.7715	5.0	0.831	10.0	0.8219	20.0	0.7925	15.0	0.7895	10.0	0.8478	20.0	0.8307	20.0	0.8708	15.0	0.7941	20.0	0.7916	15.0	0.7886	15.0	0.9417	20.0	0.9589	25.0	0.8245	20.0	0.8779	40.0	0.9126	40.0	0.8905	35.0	0.7134	35.0	0.9978	36.84	0.92	35.0	0.9671	25.0	0.9173	30.0	0.893	30.0	0.8686	31.58	0.9016	36.84	0.8985	36.84	0.9526	31.58	0.7546	26.32	0.9773	31.58	0.9666	26.32	0.9861	42.11	0.6576	20.0	0.8977	15.0	0.81	25.0	0.7641	15.0	0.7438	30.0	0.6451	30.0	0.8381	25.0	0.7693	25.0	0.8628	15.0	0.8984	10.0	0.6229	10.0	0.8221	5.0	0.9231	10.0	0.6625	15.79	0.8383	31.58	0.8319	26.32	0.9999	25.0	0.8175	10.53	0.6752	15.79	0.8877	21.05	0.9244	5.26	0.8447	31.58	0.9488	26.32	0.6485	26.32	0.6566	26.32	0.9964	21.05	0.8063	15.79	0.8478	10.53	0.9783	31.58	0.5281	5.26	0.7177	5.0	0.8099	25.0	0.8929	25.0	0.9133	20.0	0.7989	5.0	0.8195	5.0	0.7496	25.0	0.8572	4.76	0.8179	35.0	0.7868	20.0	0.8564	15.0	0.9807	10.0	0.8742	20.0	0.9329	30.0	0.8825	10.0	0.7438	15.79	0.951	36.84	0.9752	21.05	0.9286	10.53	0.9956	15.79	0.8662	26.32	0.7671	20.0	0.7355	21.05	0.894	36.84	0.9456	15.79	0.7624	21.05	0.8263	31.58	0.667	31.58
94%	0.7983	11.76	0.8696	11.76	0.6571	11.76	0.7154	17.65	0.7826	11.76	0.9328	29.41	0.7693	11.76	0.6541	11.76	0.8172	17.65	0.8339	23.53	0.9477	17.65	0.9267	23.53	0.9877	5.88	0.9833	17.65	0.7432	25.0	0.8136	31.25	0.7055	18.75	0.9202	18.75	0.9243	12.5	0.8084	5.88	0.9326	6.25	0.8723	6.25	0.9619	18.75	0.9847	43.75	0.8848	18.75	0.7421	12.5	0.9291	6.25	0.7192	12.5	0.9918	18.75	0.9912	37.5	0.5636	11.76	0.8969	17.65	0.7501	11.76	0.894	23.53	0.9039	17.65	0.7757	5.88	0.8428	5.88	0.8291	17.65	0.798	11.76	0.799	11.76	0.8692	23.53	0.8511	11.76	0.879	17.65	0.8344	23.53	0.7926	11.76	0.7984	17.65	0.9469	23.53	0.9651	23.53	0.8346	23.53	0.9024	47.06	0.923	41.18	0.8952	35.29	0.7155	41.18	0.998	43.75	0.9223	35.29	0.9722	23.53	0.9209	29.41	0.8994	29.41	0.8849	37.5	0.9124	43.75	0.9031	37.5	0.9543	37.5	0.755	31.25	0.98	37.5	0.9681	31.25	0.9888	43.75	0.6589	17.65	0.9096	17.65	0.8166	29.41	0.7655	17.65	0.7463	35.29	0.6541	29.41	0.8415	29.41	0.771	23.53	0.8739	17.65	0.903	11.76	0.6258	5.88	0.825	5.88	0.9342	5.88	0.6764	17.65	0.842	35.29	0.843	29.41	0.9999	25.0	0.8279	11.76	0.6762	17.65	0.9079	17.65	0.9298	5.88	0.8706	29.41	0.9502	29.41	0.6512	31.25	0.6936	18.75	0.9966	17.65	0.8092	12.5	0.8487	12.5	0.9821	25.0	0.5289	6.25	0.7184	5.88	0.8152	29.41	0.9156	29.41	0.916	23.53	0.8019	5.56	0.8197	5.88	0.7545	23.53	0.8574	5.26	0.8217	41.18	0.7976	23.53	0.8602	17.65	0.9848	11.76	0.8915	23.53	0.9368	35.29	0.8883	11.76	0.7523	18.75	0.9528	37.5	0.9807	25.0	0.9301	12.5	0.9965	17.65	0.8702	31.25	0.7766	18.75	0.7406	25.0	0.9033	37.5	0.9493	12.5	0.7637	25.0	0.8306	25.0	0.6707	37.5
95%	0.8573	7.14	0.8903	7.14	0.6632	14.29	0.7182	14.29	0.7923	14.29	0.9404	28.57	0.7709	7.14	0.6672	14.29	0.8217	21.43	0.8447	21.43	0.9527	21.43	0.939	21.43	0.9916	7.14	0.9841	14.29	0.7507	21.43	0.8199	35.71	0.7145	21.43	0.9229	21.43	0.9339	14.29	0.8091	7.14	0.9439	7.14	0.8765	7.14	0.964	21.43	0.9868	35.71	0.895	14.29	0.7452	7.14	0.9421	7.14	0.7221	14.29	0.9943	21.43	0.9924	28.57	0.5695	14.29	0.9101	21.43	0.7814	14.29	0.906	21.43	0.9196	21.43	0.7829	7.14	0.8492	7.14	0.843	20.0	0.8114	14.29	0.8262	14.29	0.8799	28.57	0.8622	14.29	0.885	21.43	0.8382	28.57	0.794	13.33	0.8099	21.43	0.9574	14.29	0.9726	28.57	0.8493	14.29	0.9254	35.71	0.9306	50.0	0.8994	35.71	0.7174	50.0	0.9982	50.0	0.9252	42.86	0.9756	28.57	0.9272	35.71	0.9082	35.71	0.9172	42.86	0.9441	42.86	0.926	35.71	0.9562	42.86	0.7554	35.71	0.981	35.71	0.9706	21.43	0.9896	40.0	0.6596	21.43	0.9234	21.43	0.8312	28.57	0.7673	21.43	0.7487	28.57	0.6611	35.71	0.8506	35.71	0.7749	28.57	0.882	14.29	0.9081	7.14	0.6272	7.14	0.8297	7.14	0.9457	7.14	0.6885	14.29	0.8488	35.71	0.8496	21.43	0.9999	25.0	0.8342	14.29	0.6806	14.29	0.9152	21.43	0.9489	7.14	0.8856	35.71	0.9544	28.57	0.6552	35.71	0.7094	21.43	0.9968	20.0	0.8125	14.29	0.8495	15.38	0.9834	30.77	0.5299	7.14	0.7198	7.14	0.8508	33.33	0.9348	33.33	0.923	26.67	0.8032	6.67	0.8203	6.67	0.7715	26.67	0.8583	6.67	0.8247	42.86	0.807	28.57	0.8688	21.43	0.9875	14.29	0.8943	28.57	0.9415	42.86	0.8968	14.29	0.7752	21.43	0.955	42.86	0.9821	28.57	0.931	14.29	0.9972	21.43	0.8785	28.57	0.7909	14.29	0.7591	28.57	0.9139	42.86	0.9528	14.29	0.7682	28.57	0.8332	28.57	0.6974	35.71
96%	0.886	8.33	0.903	8.33	0.671	16.67	0.7313	16.67	0.8035	16.67	0.9511	33.33	0.7724	8.33	0.6704	9.09	0.8291	27.27	0.8519	18.18	0.958	27.27	0.9433	27.27	0.993	9.09	0.9868	9.09	0.7685	27.27	0.827	36.36	0.7306	18.18	0.9275	27.27	0.9417	9.09	0.8097	8.33	0.9499	9.09	0.8928	9.09	0.9707	27.27	0.9884	36.36	0.92	9.09	0.7489	9.09	0.9461	9.09	0.7304	18.18	0.995	16.67	0.993	27.27	0.5855	16.67	0.9241	25.0	0.785	16.67	0.9254	25.0	0.9252	25.0	0.7834	9.09	0.881	8.33	0.8501	25.0	0.8187	16.67	0.8337	18.18	0.8933	27.27	0.8712	18.18	0.8915	27.27	0.85	27.27	0.797	16.67	0.8122	27.27	0.9661	16.67	0.9789	33.33	0.854	18.18	0.9323	41.67	0.9365	58.33	0.9164	33.33	0.7189	50.0	0.9987	63.64	0.9264	27.27	0.9797	27.27	0.9359	36.36	0.9119	36.36	0.941	45.45	0.9542	45.45	0.9319	36.36	0.9597	54.55	0.7567	45.45	0.9847	36.36	0.9816	27.27	0.9899	36.36	0.6624	25.0	0.9341	16.67	0.8486	33.33	0.7685	16.67	0.7511	33.33	0.6635	33.33	0.8611	41.67	0.7811	25.0	0.8945	16.67	0.918	8.33	0.6285	9.09	0.8342	9.09	0.95	8.33	0.6997	18.18	0.8541	45.45	0.868	27.27	0.9999	25.0	0.8433	18.18	0.6886	9.09	0.9268	27.27	0.9654	9.09	0.9094	36.36	0.9596	36.36	0.6631	36.36	0.7275	18.18	0.9969	30.0	0.8154	18.18	0.8504	18.18	0.9884	27.27	0.5307	9.09	0.7205	8.33	0.8636	36.36	0.9506	16.67	0.9413	25.0	0.8039	8.33	0.8226	8.33	0.7752	33.33	0.86	8.33	0.832	41.67	0.8421	33.33	0.8753	25.0	0.9897	16.67	0.9049	33.33	0.9459	50.0	0.8987	16.67	0.7843	18.18	0.964	45.45	0.9856	36.36	0.9337	20.0	0.998	18.18	0.9018	27.27	0.7985	9.09	0.7746	27.27	0.9305	45.45	0.9559	20.0	0.7697	25.0	0.8395	27.27	0.7571	45.45
97%	0.9	11.11	0.9199	11.11	0.6728	11.11	0.7508	22.22	0.8171	22.22	0.9584	44.44	0.7759	11.11	0.6769	11.11	0.8513	33.33	0.8665	22.22	0.965	33.33	0.9529	22.22	0.9954	11.11	0.9879	12.5	0.7927	25.0	0.9015	50.0	0.7457	25.0	0.9382	25.0	0.9463	12.5	0.81	12.5	0.9541	11.11	0.9281	12.5	0.9814	37.5	0.9921	37.5	0.94	12.5	0.7535	14.29	0.9545	12.5	0.7344	12.5	0.9956	25.0	0.9938	33.33	0.5949	11.11	0.929	22.22	0.7881	22.22	0.9362	33.33	0.9335	33.33	0.7862	11.11	0.8918	11.11	0.8584	33.33	0.8387	22.22	0.8673	22.22	0.924	22.22	0.888	22.22	0.8981	33.33	0.8635	33.33	0.7988	11.11	0.8211	22.22	0.9696	22.22	0.9868	44.44	0.8577	22.22	0.9362	33.33	0.9472	55.56	0.9268	22.22	0.7214	55.56	0.999	75.0	0.9304	22.22	0.9824	33.33	0.9483	44.44	0.9144	44.44	0.955	62.5	0.9653	50.0	0.9422	37.5	0.9717	50.0	0.7585	37.5	0.9899	50.0	0.9844	37.5	0.9916	37.5	0.6634	33.33	0.963	11.11	0.8571	33.33	0.7704	22.22	0.7693	44.44	0.6717	44.44	0.8677	44.44	0.7851	33.33	0.9007	11.11	0.9182	11.11	0.6304	11.11	0.8363	11.11	0.9529	11.11	0.7557	11.11	0.8587	44.44	0.8749	22.22	0.9999	25.0	0.852	22.22	0.6947	11.11	0.9333	33.33	0.9715	11.11	0.9151	44.44	0.9604	37.5	0.6676	50.0	0.7608	25.0	0.997	37.5	0.821	12.5	0.852	12.5	0.9914	22.22	0.5335	12.5	0.7224	11.11	0.8731	44.44	0.9528	25.0	0.9513	33.33	0.8041	11.11	0.8233	11.11	0.7978	44.44	0.8626	11.11	0.8357	33.33	0.8498	44.44	0.886	33.33	0.9925	22.22	0.9187	44.44	0.9512	66.67	0.9029	22.22	0.7952	12.5	0.9714	50.0	0.9897	50.0	0.9342	25.0	0.9991	12.5	0.9432	37.5	0.8004	11.11	0.7931	25.0	0.9389	50.0	0.961	25.0	0.7734	12.5	0.8436	37.5	0.8153	37.5
98%	0.9315	16.67	0.9391	16.67	0.6832	16.67	0.7895	16.67	0.857	33.33	0.9649	33.33	0.7852	16.67	0.6836	16.67	0.863	50.0	0.901	33.33	0.9777	33.33	0.9605	33.33	0.9975	16.67	0.9915	16.67	0.8091	16.67	0.919	50.0	0.7577	33.33	0.9431	16.67	0.9608	16.67	0.8104	16.67	0.9611	16.67	0.9473	16.67	0.9852	50.0	0.9941	50.0	0.9507	16.67	0.7616	16.67	0.9632	16.67	0.7443	16.67	0.998	33.33	0.9951	50.0	0.6269	16.67	0.9434	33.33	0.8374	33.33	0.9404	33.33	0.9448	50.0	0.7899	16.67	0.9009	16.67	0.8758	50.0	0.8565	33.33	0.8865	33.33	0.9326	33.33	0.9088	33.33	0.9215	33.33	0.9152	33.33	0.8	16.67	0.8374	16.67	0.9742	16.67	0.9904	66.67	0.8641	33.33	0.9391	33.33	0.9596	66.67	0.932	33.33	0.7244	50.0	0.9995	85.71	0.9312	33.33	0.9835	50.0	0.9602	66.67	0.9276	50.0	0.9614	50.0	0.9747	50.0	0.9587	50.0	0.9784	66.67	0.7609	33.33	0.9944	50.0	0.9868	33.33	0.9948	33.33	0.6744	33.33	0.9828	16.67	0.8802	50.0	0.7771	16.67	0.7832	50.0	0.6908	50.0	0.8766	33.33	0.8012	33.33	0.9168	16.67	0.9208	16.67	0.6314	16.67	0.8399	16.67	0.958	16.67	0.7612	16.67	0.87	50.0	0.8905	33.33	0.9999	25.0	0.8681	16.67	0.6987	16.67	0.9377	16.67	0.9851	16.67	0.9435	66.67	0.9641	50.0	0.6809	50.0	0.7992	16.67	0.9973	50.0	0.8306	16.67	0.8527	16.67	0.9921	33.33	0.5351	16.67	0.7302	16.67	0.8837	50.0	0.9565	33.33	0.9613	33.33	0.8096	16.67	0.8246	16.67	0.8732	66.67	0.8681	16.67	0.8408	33.33	0.8673	50.0	0.8951	50.0	0.9958	16.67	0.9306	50.0	0.9818	66.67	0.9082	33.33	0.8129	16.67	0.977	50.0	0.9926	50.0	0.9359	28.57	0.9994	16.67	0.9541	50.0	0.8091	16.67	0.8012	33.33	0.9461	33.33	0.9637	33.33	0.7826	16.67	0.8575	33.33	0.852	50.0
max	0.9863	-1.0	0.9917	-1.0	0.7253	-1.0	0.9211	-1.0	0.9463	-1.0	0.9943	-1.0	0.8146	-1.0	0.723	-1.0	0.9208	-1.0	0.9606	-1.0	0.998	-1.0	0.9855	-1.0	1.0	-1.0	0.9954	-1.0	0.8945	-1.0	0.9628	-1.0	0.8243	-1.0	0.9612	-1.0	0.9889	-1.0	0.811	-1.0	0.9791	-1.0	0.9788	-1.0	0.993	-1.0	0.9969	-1.0	0.9872	-1.0	0.7695	-1.0	0.9783	-1.0	0.783	-1.0	0.9999	-1.0	0.9975	-1.0	0.7271	-1.0	0.9991	-1.0	0.9637	-1.0	0.9907	-1.0	0.9996	-1.0	0.9834	-1.0	0.9996	-1.0	0.9968	-1.0	0.9408	-1.0	0.9919	-1.0	0.9996	-1.0	0.9979	-1.0	0.9521	-1.0	0.9989	-1.0	0.8079	-1.0	0.9308	-1.0	0.9951	-1.0	0.9998	-1.0	0.912	-1.0	0.9954	-1.0	0.9986	-1.0	0.9931	-1.0	0.7763	-1.0	1.0	-1.0	0.9461	-1.0	0.9999	-1.0	0.9972	-1.0	0.9506	-1.0	0.9999	-1.0	1.0	-1.0	0.9996	-1.0	0.9968	-1.0	0.7635	-1.0	0.9989	-1.0	0.9997	-1.0	0.9983	-1.0	0.687	-1.0	0.9986	-1.0	0.9467	-1.0	0.8106	-1.0	0.8501	-1.0	0.8161	-1.0	0.9463	-1.0	0.8348	-1.0	0.9594	-1.0	0.9401	-1.0	0.642	-1.0	0.9057	-1.0	0.9849	-1.0	0.7869	-1.0	0.9038	-1.0	0.9674	-1.0	1.0	-1.0	0.912	-1.0	0.7046	-1.0	0.9705	-1.0	0.993	-1.0	0.9674	-1.0	0.9704	-1.0	0.7103	-1.0	0.9734	-1.0	0.9978	-1.0	0.8963	-1.0	0.8554	-1.0	0.9959	-1.0	0.5769	-1.0	0.7844	-1.0	0.9532	-1.0	0.98	-1.0	0.9799	-1.0	0.8747	-1.0	0.8316	-1.0	0.9495	-1.0	0.88	-1.0	0.9148	-1.0	0.8899	-1.0	0.9387	-1.0	0.9982	-1.0	0.9666	-1.0	0.9955	-1.0	0.921	-1.0	0.8618	-1.0	0.9951	-1.0	0.9994	-1.0	0.9415	-1.0	0.9999	-1.0	0.9821	-1.0	0.8688	-1.0	0.919	-1.0	0.964	-1.0	0.9818	-1.0	0.7948	-1.0	0.9773	-1.0	0.8804	-1.0
